{
    "QuestData": {
        "ActiveQuests": [
        ],
        "CompletedQuests": [
        ]
    },
    "NpcsTimers": [
    ],
    "PlayerName": "Calamasito08",
    "UUID": "7b9face0-b497-32e1-91a6-9c3f5fbf4a5c",
    "MailData": [
    ],
    "FactionData": [
        {
            "Faction": 2,
            "Points": 0
        }
    ],
    "ItemGiverChained": [
    ],
    "ScriptStoreddata": {
    },
    "BankData": [
    ],
    "ItemGiversList": [
    ],
    "TransportData": [
    ],
    "PlayerCompanionId": 0,
    "DialogData": [
    ]
}
