{"stats":{"minecraft:used":{"minecraft:stone_bricks":1,"minecraft:wooden_sword":6,"minecraft:grass_block":2,"securitycraft:keypad_door_item":4,"supplementaries:sconce":2},"minecraft:custom":{"minecraft:time_since_rest":29954,"minecraft:open_chest":2,"minecraft:waystone_activated":1,"minecraft:crouch_one_cm":25,"minecraft:play_time":29954,"minecraft:sprint_one_cm":55114,"minecraft:open_enderchest":1,"minecraft:damage_taken":20,"minecraft:walk_one_cm":22115,"minecraft:sneak_time":307,"minecraft:mob_kills":1,"minecraft:jump":186,"minecraft:damage_dealt":200,"minecraft:leave_game":1,"minecraft:time_since_death":29954,"minecraft:walk_on_water_one_cm":313,"minecraft:total_world_time":29954,"minecraft:fall_one_cm":209,"minecraft:fly_one_cm":783277},"minecraft:killed":{"enemyexpansion:crawler":1}},"DataVersion":3465}