{"stats":{"minecraft:picked_up":{"immersive_melodies:lute":1},"minecraft:used":{"minecraft:stone_bricks":1,"minecraft:wooden_sword":6,"minecraft:grass_block":2,"securitycraft:keypad_door_item":4,"supplementaries:sconce":2},"minecraft:custom":{"minecraft:time_since_rest":52888,"minecraft:open_chest":3,"minecraft:waystone_activated":1,"minecraft:crouch_one_cm":25,"minecraft:play_time":52888,"minecraft:sprint_one_cm":87777,"minecraft:open_enderchest":1,"minecraft:damage_taken":20,"minecraft:walk_one_cm":30877,"minecraft:sneak_time":446,"minecraft:mob_kills":1,"minecraft:jump":328,"minecraft:damage_dealt":200,"minecraft:leave_game":2,"minecraft:walk_on_water_one_cm":313,"minecraft:time_since_death":52888,"minecraft:total_world_time":52888,"minecraft:fall_one_cm":209,"minecraft:fly_one_cm":1124376},"minecraft:killed":{"enemyexpansion:crawler":1}},"DataVersion":3465}