{"stats":{"minecraft:mined":{"minecraft:grass_block":1,"supplementaries:jar":1,"minecraft:wall_torch":2},"minecraft:used":{"cfm:stripped_dark_oak_park_bench":49,"alexscaves:bioluminescent_torch":1,"minecraft:light_blue_stained_glass_pane":45,"minecraft:writable_book":2,"minecraft:polished_granite_stairs":3,"supplementaries:hourglass":1,"securitycraft:reinforced_spruce_slab":41,"alexscaves:spawn_egg_tremorzilla":2,"minecraft:smooth_quartz_slab":464,"minecraft:spruce_slab":150,"minecraft:diamond_hoe":166,"minecraft:black_carpet":167,"minecraft:oak_sign":2,"minecraft:mangrove_button":16,"minecraft:chest":45,"minecraft:stone":837,"minecraft:iron_sword":9,"minecraft:zombie_spawn_egg":8,"securitycraft:security_camera":10,"supplementaries:safe":3,"create:brass_ladder":1,"minecraft:mossy_stone_brick_slab":1,"cfm:stripped_spruce_chair":54,"minecraft:farmland":176,"create:analog_lever":2,"supplementaries:redstone_illuminator":2,"supplementaries:globe":4,"minecraft:soul_sand":1,"alexscaves:cinder_brick":2,"cfm:cyan_kitchen_counter":10,"securitycraft:keypad_item":3,"minecraft:brick_slab":118,"minecraft:carrot":34,"minecraft:deepslate_tile_slab":31,"minecraft:orange_wool":21,"minecraft:cracked_deepslate_tiles":21,"casinocraft:cardtable_wide_green":4,"supplementaries:planter":2,"easy_npc:humanoid_spawn_egg":32,"create:framed_glass_pane":4,"minecraft:stripped_spruce_log":2220,"minecraft:obsidian":16,"alexscaves:hazmat_block":55,"minecraft:glass":448,"minecraft:bricks":140,"minecraft:quartz_pillar":185,"rats:marbled_cheese_rat_head":1,"minecraft:mangrove_stairs":18,"minecraft:quartz_slab":2,"minecraft:red_wool":47,"minecraft:lantern":107,"minecraft:grass_block":1081,"minecraft:quartz_block":106,"minecraft:polished_andesite_stairs":183,"casinocraft:arcade_base_blue":3,"cfm:stripped_oak_chair":42,"minecraft:netherite_hoe":108,"alexscaves:pewen_boat":1,"minecraft:gray_concrete_powder":40,"casinocraft:cardtable_base_brown":7,"supplementaries:goblet":2,"create:rope_pulley":6,"minecraft:stone_brick_stairs":1043,"minecraft:stone_bricks":2618,"cfm:spruce_coffee_table":67,"minecraft:item_frame":51,"minecraft:repeater":67,"minecraft:red_carpet":123,"minecraft:redstone_lamp":20,"alexscaves:metal_barrel":5,"supplementaries:daub_cross_brace":1,"minecraft:written_book":1,"create:shaft":4,"alexscaves:thornwood_boat":1,"minecraft:furnace":5,"minecraft:oak_sapling":9,"minecraft:mangrove_slab":9,"minecraft:beetroot_seeds":19,"minecraft:polished_diorite_stairs":3,"supplementaries:bamboo_spikes_tipped":12,"minecraft:gold_block":107,"ftbquests:screen_5":2,"cfm:stripped_mangrove_chair":2,"minecraft:potato":48,"create:sequenced_gearshift":14,"immersive_aircraft:biplane":7,"securitycraft:alarm":3,"minecraft:stripped_spruce_wood":2,"minecraft:deepslate_brick_wall":20,"minecraft:mossy_stone_bricks":3,"minecraft:end_rod":99,"minecraft:leather_leggings":1,"minecraft:spruce_door":22,"securitycraft:door_indestructible_iron_item":4,"minecraft:red_stained_glass":19,"minecraft:mangrove_planks":2,"minecraft:oak_planks":1660,"supplementaries:notice_board":1,"minecraft:leather_chestplate":1,"minecraft:mossy_stone_brick_stairs":7,"securitycraft:keypad_frame":3,"minecraft:redstone_block":3,"cataclysm:chiseled_stone_brick_pillar":6,"minecraft:oak_leaves":126,"supplementaries:hat_stand":1,"securitycraft:keypad_barrel":3,"minecraft:smooth_quartz_stairs":383,"minecraft:white_wool":62,"minecraft:sand":71,"securitycraft:reinforced_light_gray_concrete":330,"mca:female_villager_spawn_egg":24,"minecraft:yellow_concrete":5,"minecraft:chiseled_quartz_block":11,"cfm:gray_picket_gate":1,"minecraft:ochre_froglight":13,"minecraft:stone_brick_wall":1356,"minecraft:gray_concrete":372,"minecraft:deepslate_brick_stairs":100,"minecraft:redstone_torch":7,"minecraft:sticky_piston":3,"waystones:waystone":3,"minecraft:enderman_spawn_egg":1,"easy_npc:horse_spawn_egg":1,"minecraft:lever":9,"lightmanscurrency:atm":5,"born_in_chaos_v1:scorched_planks_button":5,"easy_npc:iron_golem_spawn_egg":3,"minecraft:light_gray_concrete":227,"cfm:oak_kitchen_sink_dark":3,"minecraft:lime_carpet":1,"supplementaries:stone_lamp":43,"minecraft:barrier":202,"minecraft:string":2,"minecraft:stone_button":3,"supplementaries:clock_block":2,"minecraft:lectern":4,"alexscaves:nuclear_siren":3,"minecraft:polished_granite":217,"cfm:rainbow_sofa":12,"supplementaries:iron_gate":4,"minecraft:iron_door":2,"cfm:stripped_dark_oak_chair":2,"minecraft:polished_andesite_slab":26,"create:white_seat":3,"easy_npc:fairy_spawn_egg":2,"born_in_chaos_v1:mesh_door":8,"cfm:oak_desk_cabinet":5,"securitycraft:motion_activated_light":4,"securitycraft:reinforced_gold_block":1,"cfm:stripped_oak_crate":5,"minecraft:smithing_table":1,"minecraft:white_stained_glass":123,"minecraft:andesite":34,"minecraft:chain":22,"create:framed_glass_door":6,"minecraft:smooth_stone_slab":40,"minecraft:white_concrete":782,"minecraft:coarse_dirt":40,"ftbquests:screen_7":2,"minecraft:oak_hanging_sign":1,"rats:trash_can":5,"minecraft:bone_meal":48,"easy_npc:wolf_spawn_egg":1,"minecraft:oak_fence":3,"minecraft:netherite_sword":8,"minecraft:jungle_leaves":39,"minecraft:rose_bush":2,"minecraft:iron_bars":72,"minecraft:stone_sword":17,"cfm:post_box":2,"minecraft:flint_and_steel":43,"minecraft:redstone_ore":4,"minecraft:armor_stand":3,"securitycraft:keypad_chest":4,"minecraft:redstone":254,"minecraft:spruce_planks":315,"minecraft:ender_chest":2,"securitycraft:keypad_door_item":4,"cfm:stripped_spruce_table":1,"immersive_aircraft:warship":5,"minecraft:stone_hoe":270,"supplementaries:sconce":286,"minecraft:netherrack":3,"securitycraft:reinforced_iron_bars":40,"minecraft:stick":37,"minecraft:torch":121,"minecraft:dirt":45,"minecraft:anvil":2,"easy_npc:humanoid_slim_spawn_egg":4,"casinocraft:arcade_slot_black":3,"minecraft:spruce_stairs":494,"minecraft:allay_spawn_egg":1,"minecraft:yellow_carpet":1,"alexscaves:spawn_egg_nucleeper":1,"minecraft:spruce_fence":504,"cgm:rifle":1,"minecraft:blue_concrete":812,"minecraft:granite":1,"minecraft:light_blue_stained_glass":43,"supplementaries:item_shelf":6,"minecraft:polished_diorite":167,"supplementaries:doormat":2,"supplementaries:jar":5,"born_in_chaos_v1:supreme_measure":27,"minecraft:wooden_axe":5,"minecraft:stone_brick_slab":596,"supplementaries:pedestal":3,"minecraft:dark_oak_planks":10,"minecraft:sea_lantern":28,"cfm:stripped_spruce_mail_box":17,"minecraft:bookshelf":124,"minecraft:yellow_stained_glass":30,"create:black_seat":17,"minecraft:oak_stairs":72,"minecraft:rooted_dirt":3,"minecraft:brick_stairs":1,"cataclysm:quartz_brick_wall":72,"lightmanscurrency:armor_display":2,"minecraft:smooth_quartz":667,"alexscaves:cinder_block":191,"cfm:cyan_kitchen_sink":3,"create:creative_motor":5,"minecraft:barrel":44,"easy_npc:villager_spawn_egg":1,"minecraft:tripwire_hook":4,"create:horizontal_framed_glass_pane":6,"minecraft:glowstone":69,"minecraft:tall_grass":2,"cfm:fridge_light":6,"minecraft:lime_stained_glass":13,"securitycraft:reinforced_glass":223,"minecraft:white_stained_glass_pane":19,"cfm:red_sofa":9,"create:fluid_pipe":53,"lightmanscurrency:coinmint":1,"supplementaries:statue":3,"minecraft:stone_pressure_plate":4,"create:gearshift":2,"minecraft:wheat_seeds":620,"mca:male_villager_spawn_egg":12,"minecraft:water_bucket":416,"minecraft:dirt_path":278,"minecraft:lodestone":1,"securitycraft:secret_bamboo_hanging_sign":2,"cfm:black_kitchen_sink":1,"cgm:pistol":6,"alexscaves:tree_star":5,"minecraft:polished_andesite":896,"minecraft:lime_wool":18,"easy_npc:easy_npc_preset":49,"create:train_door":2,"minecraft:blue_wool":18,"create:red_seat":64,"create:nixie_tube":1,"create:framed_glass_trapdoor":6,"minecraft:deepslate_bricks":803,"alexscaves:tremorzilla_egg":2,"cataclysm:stone_pillar":80,"minecraft:vine":39,"alexscaves:uranium_rod":1,"lightmanscurrency:terminal":4,"minecraft:crafting_table":1,"minecraft:red_bed":8,"cfm:oak_hedge":87,"create:schematicannon":2,"minecraft:white_bed":22,"cfm:stripped_spruce_kitchen_drawer":2,"minecraft:painting":110,"create:sail_frame":10,"minecraft:book":1,"minecraft:dark_oak_door":50,"minecraft:purple_stained_glass":53,"minecraft:oak_log":2,"minecraft:wooden_hoe":33,"securitycraft:reinforced_lever":3,"create:andesite_ladder":1,"cfm:white_sofa":6,"cfm:fridge_dark":7,"minecraft:jungle_stairs":10,"minecraft:leather_helmet":1,"minecraft:spruce_trapdoor":61,"easy_npc:pig_spawn_egg":2,"minecraft:yellow_wool":18,"create:copper_ladder":2,"minecraft:blue_carpet":1,"minecraft:chiseled_stone_bricks":4,"rats:neo_ratlantean_spawn_egg":1,"cfm:stripped_oak_table":4,"minecraft:cobblestone":279,"minecraft:potion":6,"minecraft:glass_pane":89,"minecraft:lapis_block":2,"cfm:stripped_mangrove_table":3,"minecraft:polished_blackstone_button":11,"create:pulse_repeater":1,"minecraft:stripped_oak_log":143,"create:elevator_pulley":4,"create:redstone_link":10,"minecraft:jukebox":1,"minecraft:birch_stairs":12},"minecraft:killed":{"born_in_chaos_v1:mr_pumpkin":2,"born_in_chaos_v1:sir_pumpkinhead_without_horse":1,"born_in_chaos_v1:sir_the_headless":1,"minecraft:spider":1,"enemyexpansion:equestrian":2,"minecraft:chicken":1,"born_in_chaos_v1:sir_pumpkinhead":1,"minecraft:pig":2,"minecraft:creeper":1,"minecraft:trader_llama":1,"minecraft:donkey":1,"minecraft:zombie":3,"alexscaves:tremorzilla":2,"mca:male_villager":2,"alexsmobs:fly":2,"rats:neo_ratlantean":1,"born_in_chaos_v1:zombie_bruiser":1,"alexscaves:nucleeper":1,"born_in_chaos_v1:maggot":1,"born_in_chaos_v1:pumpkinhead":1,"born_in_chaos_v1:felsteed":1,"enemyexpansion:sprinter":1,"minecraft:wandering_trader":1,"born_in_chaos_v1:bloody_gadfly":1,"mca:female_villager":6,"minecraft:enderman":1},"minecraft:crafted":{"minecraft:leather_chestplate":1,"minecraft:leather_leggings":1,"minecraft:leather_boots":1,"minecraft:leather_helmet":2,"minecraft:air":0},"minecraft:custom":{"minecraft:interact_with_crafting_table":1,"minecraft:open_barrel":6,"minecraft:leave_game":50,"minecraft:time_since_death":1769040,"minecraft:sprint_one_cm":3498801,"minecraft:drop":19,"minecraft:talked_to_villager":2,"minecraft:play_time":3315106,"minecraft:deaths":4,"minecraft:jump":10495,"minecraft:walk_on_water_one_cm":66107,"minecraft:sleep_in_bed":4,"minecraft:waystone_activated":3,"minecraft:open_enderchest":11,"minecraft:damage_dealt":24282,"minecraft:crouch_one_cm":22761,"minecraft:interact_with_smithing_table":3,"minecraft:interact_with_anvil":2,"minecraft:mob_kills":42,"minecraft:damage_dealt_resisted":7602,"minecraft:climb_one_cm":3982,"minecraft:walk_one_cm":2272225,"minecraft:sneak_time":56225,"minecraft:walk_under_water_one_cm":76600,"minecraft:interact_with_lectern":2,"minecraft:boat_one_cm":145,"minecraft:total_world_time":3315106,"minecraft:time_since_rest":847836,"minecraft:damage_taken":1766,"minecraft:swim_one_cm":19636,"minecraft:fly_one_cm":28500546,"minecraft:open_chest":25,"minecraft:fall_one_cm":11206},"minecraft:dropped":{"easy_npc:move_easy_npc":1,"artifacts:night_vision_goggles":1,"minecraft:sand":4,"artifacts:villager_hat":1,"lightmanscurrency:coin_netherite":1,"minecraft:stone_brick_stairs":1,"minecraft:written_book":1,"alexscaves:nuclear_bomb":1,"minecraft:grass_block":2,"minecraft:polished_andesite":2,"minecraft:stone_brick_slab":3},"minecraft:picked_up":{"ftbquests:screen_7":2,"minecraft:wheat":3,"minecraft:black_carpet":3,"minecraft:lead":1,"minecraft:enchanted_book":1,"minecraft:stone_brick_stairs":1,"supplementaries:jar":1,"minecraft:oak_sign":1,"ftbquests:screen_5":2,"minecraft:wooden_shovel":1,"minecraft:dark_oak_door":2,"minecraft:torch":12,"minecraft:porkchop":5,"alexscaves:nuclear_bomb":1,"minecraft:rotten_flesh":12,"artifacts:villager_hat":1,"supplementaries:ash":3,"minecraft:horn_coral":1,"minecraft:dirt":3,"minecraft:lantern":7,"minecraft:bone":2,"minecraft:wheat_seeds":24,"minecraft:poisonous_potato":1,"alexscaves:uranium":53,"minecraft:sand":4,"minecraft:grass_block":2,"minecraft:polished_andesite":1,"minecraft:writable_book":1,"minecraft:polished_blackstone_button":4,"minecraft:oak_leaves":1,"born_in_chaos_v1:river_mint":13,"minecraft:azure_bluet":3,"minecraft:chicken":1,"born_in_chaos_v1:scorched_planks_button":1,"minecraft:cornflower":1,"supplementaries:statue":1,"minecraft:item_frame":5,"create:redstone_link":3,"minecraft:poppy":2,"born_in_chaos_v1:pieceofdarkmetal":2,"minecraft:redstone":33,"create:horizontal_framed_glass_pane":1,"minecraft:arrow":2,"supplementaries:sconce":11,"minecraft:oxeye_daisy":3,"born_in_chaos_v1:corpse_maggot":6,"minecraft:leather":1,"minecraft:gunpowder":64,"minecraft:red_carpet":2,"minecraft:book":2,"enemyexpansion:phantom_eye":4,"alexscaves:fissile_core":1,"minecraft:stone_brick_slab":3,"minecraft:dandelion":30,"minecraft:white_bed":2,"minecraft:spruce_door":2,"lightmanscurrency:coin_copper":10,"minecraft:painting":1,"lightmanscurrency:coin_netherite":1,"alexscaves:uranium_shard":30,"minecraft:ender_pearl":1}},"DataVersion":3465}