{"stats":{"minecraft:killed":{"born_in_chaos_v1:pumpkin_spirit":1,"enemyexpansion:direwolf":2,"minecraft:skeleton":1,"enemyexpansion:faller":2,"enemyexpansion:sprinter":1,"minecraft:creeper":1,"enemyexpansion:botfly":3},"minecraft:used":{"minecraft:oak_fence":4,"minecraft:moss_block":5,"minecraft:light_blue_stained_glass_pane":1,"minecraft:netherite_sword":22,"minecraft:jungle_leaves":78,"minecraft:writable_book":5,"minecraft:iron_bars":14,"minecraft:polished_granite_stairs":2,"minecraft:flint_and_steel":32,"minecraft:redstone":51,"minecraft:poppy":2,"minecraft:oak_sign":4,"minecraft:chest":37,"minecraft:spruce_planks":501,"minecraft:stone":269,"minecraft:mossy_stone_brick_slab":9,"minecraft:netherrack":36,"minecraft:stick":24,"minecraft:dirt":24,"easy_npc:humanoid_slim_spawn_egg":2,"minecraft:jungle_planks":120,"minecraft:spruce_stairs":201,"minecraft:stone_stairs":2,"minecraft:oak_wood":442,"minecraft:golden_shovel":14,"supplementaries:item_shelf":6,"minecraft:spruce_fence":142,"easy_npc:humanoid_spawn_egg":7,"minecraft:azure_bluet":2,"minecraft:blue_concrete":2,"minecraft:obsidian":77,"minecraft:stripped_spruce_log":1323,"minecraft:milk_bucket":2,"minecraft:polished_diorite":210,"minecraft:fern":3,"alexscaves:hazmat_block":276,"minecraft:glass":64,"minecraft:stone_brick_slab":69,"minecraft:wooden_axe":8,"minecraft:sea_lantern":48,"minecraft:quartz_pillar":18,"minecraft:lantern":43,"minecraft:grass_block":886,"minecraft:blue_orchid":3,"minecraft:polished_andesite_stairs":12,"cataclysm:quartz_brick_wall":7,"minecraft:smooth_quartz":7,"alexscaves:cinder_block":3,"minecraft:pink_wool":142,"minecraft:stone_brick_stairs":177,"minecraft:stone_bricks":601,"minecraft:light_gray_wool":92,"minecraft:glowstone":3,"minecraft:repeater":4,"alexscaves:metal_barrel":16,"cfm:fridge_light":1,"minecraft:written_book":4,"create:polished_cut_andesite_wall":9,"minecraft:polished_diorite_stairs":3,"minecraft:gold_block":4,"create:content_observer":1,"minecraft:potato":188,"minecraft:light_gray_bed":4,"minecraft:water_bucket":2,"minecraft:mossy_stone_bricks":66,"minecraft:end_rod":2,"minecraft:torchflower":2,"minecraft:dirt_path":116,"minecraft:spruce_door":13,"securitycraft:door_indestructible_iron_item":2,"minecraft:birch_planks":117,"minecraft:polished_andesite":367,"easy_npc:easy_npc_preset":46,"minecraft:lime_wool":172,"minecraft:oak_planks":50,"minecraft:blackstone":4,"minecraft:mossy_stone_brick_stairs":13,"minecraft:redstone_block":2,"minecraft:spruce_sign":2,"minecraft:white_dye":6,"minecraft:glow_ink_sac":6,"minecraft:spruce_fence_gate":2,"create:framed_glass_trapdoor":46,"easy_npc:wither_skeleton_spawn_egg":1,"minecraft:deepslate_bricks":3,"securitycraft:keypad_barrel":6,"minecraft:cracked_stone_bricks":42,"minecraft:oak_leaves":354,"minecraft:white_wool":120,"minecraft:golden_apple":4,"cataclysm:stone_pillar":133,"minecraft:sand":1,"minecraft:rail":21,"minecraft:vine":54,"minecraft:lime_bed":5,"securitycraft:reinforced_light_gray_concrete":51,"minecraft:gray_concrete":298,"minecraft:spruce_log":58,"minecraft:book":1,"minecraft:oak_log":20,"minecraft:sticky_piston":3,"minecraft:wooden_hoe":163,"create:andesite_ladder":30,"minecraft:lectern":5,"minecraft:jungle_stairs":6,"alexscaves:nuclear_siren":2,"minecraft:polished_granite":165,"minecraft:spruce_trapdoor":21,"supplementaries:iron_gate":1,"minecraft:iron_door":2,"minecraft:deepslate":4,"minecraft:flowering_azalea_leaves":10,"minecraft:yellow_wool":142,"minecraft:polished_andesite_slab":98,"graveyard:dark_iron_door":4,"easy_npc:fairy_spawn_egg":1,"minecraft:pink_bed":21,"alexscaves:radon_lamp_black":2,"minecraft:diamond_sword":3,"create:basin":2,"minecraft:potion":10,"minecraft:stripped_oak_wood":1,"minecraft:white_stained_glass":188,"minecraft:andesite":17,"minecraft:yellow_bed":14,"minecraft:polished_blackstone_button":15,"create:display_board":7,"minecraft:white_concrete":580,"minecraft:smooth_stone":4,"minecraft:bone_meal":149,"minecraft:birch_stairs":5},"minecraft:picked_up":{"minecraft:wheat":55,"born_in_chaos_v1:scorched_planks_button":1,"artifacts:night_vision_goggles":1,"born_in_chaos_v1:river_mint":2,"minecraft:lead":1,"minecraft:enchanted_book":1,"rats:rat_paw":1,"rats:garbage_pile":1,"minecraft:netherite_sword":1,"minecraft:written_book":33,"minecraft:egg":2,"minecraft:stick":1,"minecraft:stone":1,"rats:rat_skull":1,"alexscaves:nuclear_bomb":1,"minecraft:redstone":4,"minecraft:rotten_flesh":1,"minecraft:arrow":2,"supplementaries:sconce":7,"minecraft:hay_block":1,"minecraft:carved_pumpkin":1,"supplementaries:ash":3,"easy_npc:move_easy_npc":1,"minecraft:potato":7,"minecraft:gunpowder":3,"rats:raw_rat":1,"minecraft:bone":2,"minecraft:wheat_seeds":153,"lightmanscurrency:coin_iron":8,"enemyexpansion:phantom_eye":2,"born_in_chaos_v1:ethereal_spirit":1,"minecraft:dandelion":2,"minecraft:amethyst_shard":2,"minecraft:spruce_door":3,"easy_npc:easy_npc_preset_empty":1,"lightmanscurrency:coin_copper":16,"minecraft:polished_blackstone_button":1,"minecraft:spruce_sign":5,"securitycraft:door_indestructible_iron_item":1},"minecraft:dropped":{"minecraft:enchanted_book":2,"easy_npc:easy_npc_preset_empty":1,"minecraft:netherite_sword":1,"minecraft:oak_sign":1,"supplementaries:ash":1,"minecraft:stone":1,"minecraft:written_book":32,"minecraft:oak_leaves":1,"alexscaves:nuclear_bomb":1},"minecraft:custom":{"minecraft:mob_kills":11,"minecraft:open_barrel":15,"minecraft:time_since_death":613995,"minecraft:leave_game":19,"minecraft:climb_one_cm":3341,"minecraft:sprint_one_cm":671627,"minecraft:walk_one_cm":1986245,"minecraft:drop":11,"minecraft:talked_to_villager":1,"minecraft:play_time":1310392,"minecraft:deaths":2,"minecraft:sneak_time":27516,"minecraft:walk_under_water_one_cm":138664,"minecraft:interact_with_lectern":13,"minecraft:jump":3598,"minecraft:walk_on_water_one_cm":73961,"minecraft:total_world_time":1310392,"minecraft:interact_with_furnace":1,"minecraft:time_since_rest":614023,"minecraft:waystone_activated":1,"minecraft:damage_taken":980,"minecraft:damage_absorbed":40,"minecraft:damage_dealt":2047,"minecraft:swim_one_cm":15733,"minecraft:fly_one_cm":7318355,"minecraft:open_chest":71,"minecraft:crouch_one_cm":22847,"minecraft:interact_with_smoker":1,"minecraft:fall_one_cm":6839}},"DataVersion":3465}