{
  "create:root": {
    "criteria": {
      "0": "2024-07-25 12:37:10 +0000"
    },
    "done": true
  },
  "minecraft:recipes/decorations/crafting_table": {
    "criteria": {
      "unlock_right_away": "2024-07-25 12:37:10 +0000"
    },
    "done": true
  },
  "born_in_chaos_v1:bornin_chaos": {
    "criteria": {
      "bornin_chaos_0": "2024-07-25 12:37:10 +0000"
    },
    "done": true
  },
  "rats:root": {
    "criteria": {
      "tick": "2024-07-25 12:37:10 +0000"
    },
    "done": true
  },
  "cataclysm:root": {
    "criteria": {
      "custom_test_name": "2024-07-25 12:37:10 +0000"
    },
    "done": true
  },
  "minecraft:adventure/adventuring_time": {
    "criteria": {
      "minecraft:beach": "2024-07-25 12:38:56 +0000",
      "minecraft:river": "2024-07-25 12:38:36 +0000",
      "minecraft:cold_ocean": "2024-07-25 12:38:57 +0000",
      "minecraft:forest": "2024-07-25 12:38:42 +0000",
      "minecraft:deep_cold_ocean": "2024-07-25 12:39:14 +0000",
      "minecraft:plains": "2024-07-25 12:37:13 +0000"
    },
    "done": false
  },
  "DataVersion": 3465
}